{ "columns":32,
 "editorsettings":
    {
     "export":
        {
         "format":"json",
         "target":"0x72_DungeonTilesetII_v1..json"
        }
    },
 "image":"tiled_img.png",
 "imageheight":512,
 "imagewidth":512,
 "margin":0,
 "name":"0x72_DungeonTilesetII_v1.3",
 "spacing":0,
 "tilecount":1024,
 "tiledversion":"1.5.0",
 "tileheight":16,
 "tiles":[
        {
         "id":33,
         "objectgroup":
            {
             "draworder":"index",
             "name":"",
             "objects":[
                    {
                     "height":14.9454298730251,
                     "id":5,
                     "name":"",
                     "rotation":0,
                     "type":"",
                     "visible":true,
                     "width":16,
                     "x":0,
                     "y":1.0545701269749
                    }],
             "opacity":1,
             "type":"objectgroup",
             "visible":true,
             "x":0,
             "y":0
            }
        }, 
        {
         "id":36,
         "objectgroup":
            {
             "draworder":"index",
             "name":"",
             "objects":[
                    {
                     "height":15.007463409906,
                     "id":1,
                     "name":"",
                     "rotation":0,
                     "type":"",
                     "visible":true,
                     "width":16,
                     "x":0,
                     "y":0.99253659009402
                    }],
             "opacity":1,
             "type":"objectgroup",
             "visible":true,
             "x":0,
             "y":0
            }
        }, 
        {
         "id":37,
         "objectgroup":
            {
             "draworder":"index",
             "name":"",
             "objects":[
                    {
                     "height":16,
                     "id":1,
                     "name":"",
                     "rotation":0,
                     "type":"",
                     "visible":true,
                     "width":16,
                     "x":0,
                     "y":0
                    }],
             "opacity":1,
             "type":"objectgroup",
             "visible":true,
             "x":0,
             "y":0
            }
        }, 
        {
         "animation":[
                {
                 "duration":100,
                 "tileid":36
                }, 
                {
                 "duration":100,
                 "tileid":37
                }, 
                {
                 "duration":100,
                 "tileid":38
                }],
         "id":38,
         "objectgroup":
            {
             "draworder":"index",
             "name":"",
             "objects":[
                    {
                     "height":16,
                     "id":1,
                     "name":"",
                     "rotation":0,
                     "type":"",
                     "visible":true,
                     "width":16,
                     "x":0,
                     "y":0
                    }],
             "opacity":1,
             "type":"objectgroup",
             "visible":true,
             "x":0,
             "y":0
            }
        }, 
        {
         "id":65,
         "objectgroup":
            {
             "draworder":"index",
             "name":"",
             "objects":[
                    {
                     "height":16,
                     "id":2,
                     "name":"",
                     "rotation":0,
                     "type":"",
                     "visible":true,
                     "width":16,
                     "x":0,
                     "y":0
                    }],
             "opacity":1,
             "type":"objectgroup",
             "visible":true,
             "x":0,
             "y":0
            }
        }, 
        {
         "id":66,
         "objectgroup":
            {
             "draworder":"index",
             "name":"",
             "objects":[
                    {
                     "height":16,
                     "id":2,
                     "name":"",
                     "rotation":0,
                     "type":"",
                     "visible":true,
                     "width":16,
                     "x":0,
                     "y":0
                    }],
             "opacity":1,
             "type":"objectgroup",
             "visible":true,
             "x":0,
             "y":0
            }
        }, 
        {
         "animation":[
                {
                 "duration":100,
                 "tileid":68
                }, 
                {
                 "duration":100,
                 "tileid":69
                }, 
                {
                 "duration":100,
                 "tileid":70
                }],
         "id":68,
         "objectgroup":
            {
             "draworder":"index",
             "name":"",
             "objects":[
                    {
                     "height":5.00746340990598,
                     "id":1,
                     "name":"",
                     "rotation":0,
                     "type":"",
                     "visible":true,
                     "width":14.1875,
                     "x":0.87895256916996,
                     "y":0.99253659009402
                    }],
             "opacity":1,
             "type":"objectgroup",
             "visible":true,
             "x":0,
             "y":0
            }
        }, 
        {
         "id":69,
         "objectgroup":
            {
             "draworder":"index",
             "name":"",
             "objects":[
                    {
                     "height":6.09091,
                     "id":1,
                     "name":"",
                     "rotation":0,
                     "type":"",
                     "visible":true,
                     "width":16,
                     "x":0,
                     "y":0
                    }],
             "opacity":1,
             "type":"objectgroup",
             "visible":true,
             "x":0,
             "y":0
            }
        }, 
        {
         "id":70,
         "objectgroup":
            {
             "draworder":"index",
             "name":"",
             "objects":[
                    {
                     "height":6.09091,
                     "id":1,
                     "name":"",
                     "rotation":0,
                     "type":"",
                     "visible":true,
                     "width":14.9375,
                     "x":0.5,
                     "y":0
                    }],
             "opacity":1,
             "type":"objectgroup",
             "visible":true,
             "x":0,
             "y":0
            }
        }, 
        {
         "id":97,
         "objectgroup":
            {
             "draworder":"index",
             "name":"",
             "objects":[
                    {
                     "height":16,
                     "id":1,
                     "name":"",
                     "rotation":0,
                     "type":"",
                     "visible":true,
                     "width":16,
                     "x":0,
                     "y":0
                    }],
             "opacity":1,
             "type":"objectgroup",
             "visible":true,
             "x":0,
             "y":0
            }
        }, 
        {
         "id":98,
         "objectgroup":
            {
             "draworder":"index",
             "name":"",
             "objects":[
                    {
                     "height":16,
                     "id":1,
                     "name":"",
                     "rotation":0,
                     "type":"",
                     "visible":true,
                     "width":16,
                     "x":0,
                     "y":0
                    }],
             "opacity":1,
             "type":"objectgroup",
             "visible":true,
             "x":0,
             "y":0
            }
        }, 
        {
         "animation":[
                {
                 "duration":100,
                 "tileid":100
                }, 
                {
                 "duration":100,
                 "tileid":101
                }, 
                {
                 "duration":100,
                 "tileid":102
                }],
         "id":100,
         "objectgroup":
            {
             "draworder":"index",
             "name":"",
             "objects":[
                    {
                     "height":14.9764466414655,
                     "id":1,
                     "name":"",
                     "rotation":0,
                     "type":"",
                     "visible":true,
                     "width":16,
                     "x":0,
                     "y":1.02355335853446
                    }],
             "opacity":1,
             "type":"objectgroup",
             "visible":true,
             "x":0,
             "y":0
            }
        }, 
        {
         "id":101,
         "objectgroup":
            {
             "draworder":"index",
             "name":"",
             "objects":[
                    {
                     "height":16,
                     "id":1,
                     "name":"",
                     "rotation":0,
                     "type":"",
                     "visible":true,
                     "width":16,
                     "x":0,
                     "y":0
                    }],
             "opacity":1,
             "type":"objectgroup",
             "visible":true,
             "x":0,
             "y":0
            }
        }, 
        {
         "id":102,
         "objectgroup":
            {
             "draworder":"index",
             "name":"",
             "objects":[
                    {
                     "height":16,
                     "id":1,
                     "name":"",
                     "rotation":0,
                     "type":"",
                     "visible":true,
                     "width":16,
                     "x":0,
                     "y":0
                    }],
             "opacity":1,
             "type":"objectgroup",
             "visible":true,
             "x":0,
             "y":0
            }
        }, 
        {
         "id":129,
         "type":"ground"
        }, 
        {
         "id":130,
         "properties":[
                {
                 "name":"type",
                 "type":"string",
                 "value":"crash"
                }],
         "type":"ground_crash"
        }, 
        {
         "id":131,
         "type":"ground_bad_condition"
        }, 
        {
         "animation":[
                {
                 "duration":100,
                 "tileid":132
                }, 
                {
                 "duration":100,
                 "tileid":133
                }, 
                {
                 "duration":100,
                 "tileid":134
                }],
         "id":132,
         "objectgroup":
            {
             "draworder":"index",
             "name":"",
             "objects":[
                    {
                     "height":4.97644664146554,
                     "id":1,
                     "name":"",
                     "rotation":0,
                     "type":"",
                     "visible":true,
                     "width":14,
                     "x":1,
                     "y":1.02355335853446
                    }],
             "opacity":1,
             "type":"objectgroup",
             "visible":true,
             "x":0,
             "y":0
            }
        }, 
        {
         "id":133,
         "objectgroup":
            {
             "draworder":"index",
             "name":"",
             "objects":[
                    {
                     "height":6,
                     "id":1,
                     "name":"",
                     "rotation":0,
                     "type":"",
                     "visible":true,
                     "width":16,
                     "x":0,
                     "y":0
                    }],
             "opacity":1,
             "type":"objectgroup",
             "visible":true,
             "x":0,
             "y":0
            }
        }, 
        {
         "id":134,
         "objectgroup":
            {
             "draworder":"index",
             "name":"",
             "objects":[
                    {
                     "height":6,
                     "id":1,
                     "name":"",
                     "rotation":0,
                     "type":"",
                     "visible":true,
                     "width":16,
                     "x":0,
                     "y":0
                    }],
             "opacity":1,
             "type":"objectgroup",
             "visible":true,
             "x":0,
             "y":0
            }
        }, 
        {
         "id":164,
         "objectgroup":
            {
             "draworder":"index",
             "name":"",
             "objects":[
                    {
                     "height":16,
                     "id":1,
                     "name":"",
                     "rotation":0,
                     "type":"",
                     "visible":true,
                     "width":16,
                     "x":0,
                     "y":0
                    }],
             "opacity":1,
             "type":"objectgroup",
             "visible":true,
             "x":0,
             "y":0
            }
        }, 
        {
         "id":165,
         "type":"above"
        }, 
        {
         "id":197,
         "objectgroup":
            {
             "draworder":"index",
             "name":"",
             "objects":[
                    {
                     "height":5.10106491678209,
                     "id":1,
                     "name":"",
                     "rotation":0,
                     "type":"",
                     "visible":true,
                     "width":16,
                     "x":0,
                     "y":10.8989350832179
                    }],
             "opacity":1,
             "type":"objectgroup",
             "visible":true,
             "x":0,
             "y":0
            },
         "type":"above"
        }, 
        {
         "id":198,
         "objectgroup":
            {
             "draworder":"index",
             "name":"",
             "objects":[
                    {
                     "height":16,
                     "id":1,
                     "name":"",
                     "rotation":0,
                     "type":"",
                     "visible":true,
                     "width":16,
                     "x":0,
                     "y":0
                    }],
             "opacity":1,
             "type":"objectgroup",
             "visible":true,
             "x":0,
             "y":0
            }
        }, 
        {
         "id":229,
         "objectgroup":
            {
             "draworder":"index",
             "name":"",
             "objects":[
                    {
                     "height":9.426783037997,
                     "id":1,
                     "name":"",
                     "rotation":0,
                     "type":"",
                     "visible":true,
                     "width":16,
                     "x":0,
                     "y":0
                    }],
             "opacity":1,
             "type":"objectgroup",
             "visible":true,
             "x":0,
             "y":0
            }
        }, 
        {
         "id":256,
         "objectgroup":
            {
             "draworder":"index",
             "name":"",
             "objects":[
                    {
                     "height":16,
                     "id":1,
                     "name":"",
                     "rotation":0,
                     "type":"",
                     "visible":true,
                     "width":5.09090909090909,
                     "x":10.9090909090909,
                     "y":-1.77635683940025e-15
                    }],
             "opacity":1,
             "type":"objectgroup",
             "visible":true,
             "x":0,
             "y":0
            }
        }, 
        {
         "id":257,
         "objectgroup":
            {
             "draworder":"index",
             "name":"",
             "objects":[
                    {
                     "height":16,
                     "id":1,
                     "name":"",
                     "rotation":0,
                     "type":"",
                     "visible":true,
                     "width":5,
                     "x":0,
                     "y":0
                    }],
             "opacity":1,
             "type":"objectgroup",
             "visible":true,
             "x":0,
             "y":0
            }
        }, 
        {
         "id":258,
         "objectgroup":
            {
             "draworder":"index",
             "name":"",
             "objects":[
                    {
                     "height":15.007463409906,
                     "id":1,
                     "name":"",
                     "rotation":0,
                     "type":"",
                     "visible":true,
                     "width":16,
                     "x":0,
                     "y":0.99253659009402
                    }],
             "opacity":1,
             "type":"objectgroup",
             "visible":true,
             "x":0,
             "y":0
            }
        }, 
        {
         "id":260,
         "objectgroup":
            {
             "draworder":"index",
             "id":2,
             "name":"",
             "objects":[
                    {
                     "height":16,
                     "id":1,
                     "name":"",
                     "rotation":0,
                     "type":"",
                     "visible":true,
                     "width":4.98904720364447,
                     "x":11.0109527963555,
                     "y":0
                    }, 
                    {
                     "height":4.02752738199089,
                     "id":2,
                     "name":"",
                     "rotation":0,
                     "type":"",
                     "visible":true,
                     "width":10.8201996704468,
                     "x":0,
                     "y":11.9724726180091
                    }],
             "opacity":1,
             "type":"objectgroup",
             "visible":true,
             "x":0,
             "y":0
            }
        }, 
        {
         "id":261,
         "objectgroup":
            {
             "draworder":"index",
             "name":"",
             "objects":[
                    {
                     "height":3.98524974857526,
                     "id":1,
                     "name":"",
                     "rotation":0,
                     "type":"",
                     "visible":true,
                     "width":16,
                     "x":0,
                     "y":12.0147502514247
                    }, 
                    {
                     "height":11.9593253156777,
                     "id":2,
                     "name":"",
                     "rotation":0,
                     "type":"",
                     "visible":true,
                     "width":4.98647893619399,
                     "x":0,
                     "y":0
                    }],
             "opacity":1,
             "type":"objectgroup",
             "visible":true,
             "x":0,
             "y":0
            }
        }, 
        {
         "id":292,
         "objectgroup":
            {
             "draworder":"index",
             "name":"",
             "objects":[
                    {
                     "height":16,
                     "id":1,
                     "name":"",
                     "rotation":0,
                     "type":"",
                     "visible":true,
                     "width":16,
                     "x":0,
                     "y":0
                    }],
             "opacity":1,
             "type":"objectgroup",
             "visible":true,
             "x":0,
             "y":0
            }
        }, 
        {
         "id":293,
         "objectgroup":
            {
             "draworder":"index",
             "id":2,
             "name":"",
             "objects":[
                    {
                     "height":16,
                     "id":1,
                     "name":"",
                     "rotation":0,
                     "type":"",
                     "visible":true,
                     "width":5.02006397208491,
                     "x":0,
                     "y":0
                    }],
             "opacity":1,
             "type":"objectgroup",
             "visible":true,
             "x":0,
             "y":0
            }
        }, 
        {
         "id":324,
         "objectgroup":
            {
             "draworder":"index",
             "name":"",
             "objects":[
                    {
                     "height":4.02100793384736,
                     "id":1,
                     "name":"",
                     "rotation":0,
                     "type":"",
                     "visible":true,
                     "width":16,
                     "x":0,
                     "y":11.9789920661526
                    }],
             "opacity":1,
             "type":"objectgroup",
             "visible":true,
             "x":0,
             "y":0
            }
        }, 
        {
         "id":385,
         "type":"above"
        }, 
        {
         "id":389,
         "objectgroup":
            {
             "draworder":"index",
             "name":"",
             "objects":[
                    {
                     "height":0,
                     "id":2,
                     "name":"",
                     "polygon":[
                            {
                             "x":0,
                             "y":0
                            }, 
                            {
                             "x":3.9375,
                             "y":0
                            }, 
                            {
                             "x":7.9375,
                             "y":4.6875
                            }, 
                            {
                             "x":-4.0625,
                             "y":4.75
                            }],
                     "rotation":0,
                     "type":"",
                     "visible":true,
                     "width":0,
                     "x":6.0625,
                     "y":10.1875
                    }, 
                    {
                     "ellipse":true,
                     "height":7,
                     "id":3,
                     "name":"",
                     "rotation":0,
                     "type":"",
                     "visible":true,
                     "width":7,
                     "x":0.527285063487448,
                     "y":1.96851676844044
                    }],
             "opacity":1,
             "type":"objectgroup",
             "visible":true,
             "x":0,
             "y":0
            }
        }, 
        {
         "id":390,
         "objectgroup":
            {
             "draworder":"index",
             "name":"",
             "objects":[
                    {
                     "ellipse":true,
                     "height":15.5657652418339,
                     "id":1,
                     "name":"",
                     "rotation":0,
                     "type":"",
                     "visible":true,
                     "width":15.5657652418339,
                     "x":0.217117379083067,
                     "y":0.248134147523507
                    }],
             "opacity":1,
             "type":"objectgroup",
             "visible":true,
             "x":0,
             "y":0
            }
        }, 
        {
         "id":595,
         "objectgroup":
            {
             "draworder":"index",
             "name":"",
             "objects":[
                    {
                     "height":12.9913734612775,
                     "id":3,
                     "name":"",
                     "rotation":0,
                     "type":"",
                     "visible":true,
                     "width":16,
                     "x":0,
                     "y":3.0086265387225
                    }],
             "opacity":1,
             "type":"objectgroup",
             "visible":true,
             "x":0,
             "y":0
            }
        }],
 "tilewidth":16,
 "type":"tileset",
 "version":1.5
}