{ "compressionlevel":-1,
 "height":15,
 "infinite":false,
 "layers":[
        {
         "data":[1, 1, 1, 1, 1, 1, 1, 1, 1, 1, 1, 1, 1, 1, 1, 1, 1, 1, 1, 1, 1, 1, 1, 1, 1, 1, 1, 1, 1, 1, 1, 1, 1, 1, 1, 1, 1, 1, 1, 1, 1, 1, 1, 1, 1, 1, 1, 1, 1, 1, 1, 1, 1, 1, 1, 1, 1, 1, 1, 1, 1, 1, 1, 1, 1, 1, 1, 1, 11, 11, 11, 11, 1, 1, 1, 1, 1, 1, 1, 1, 1, 1, 1, 1, 1, 1, 1, 11, 11, 11, 11, 11, 11, 1, 1, 1, 1, 1, 1, 1, 1, 1, 1, 1, 1, 1, 1, 1, 11, 11, 11, 11, 11, 1, 1, 1, 1, 1, 1, 1, 1, 1, 1, 1, 1, 1, 1, 1, 11, 11, 11, 11, 1, 1, 1, 1, 1, 1, 1, 1, 1, 1, 1, 1, 1, 1, 1, 1, 1, 42, 42, 1, 1, 1, 1, 1, 1, 1, 1, 1, 1, 1, 1, 42, 42, 42, 42, 42, 42, 42, 42, 42, 42, 1, 1, 1, 1, 1, 1, 1, 1, 1, 1, 42, 42, 42, 42, 42, 42, 42, 42, 42, 1, 1, 1, 1, 1, 1, 1, 1, 1, 1, 1, 1, 42, 42, 42, 42, 42, 42, 42, 42, 42, 1, 1, 1, 1, 1, 1, 1, 1, 1, 1, 1, 1, 1, 1, 1, 1, 1, 1, 1, 1, 1, 1, 1, 1, 1, 1, 1, 1, 1, 1, 1, 1, 1, 1, 1, 1, 1, 1, 1, 1, 1, 1, 1, 1, 1, 1, 1, 1, 1, 1, 1, 1, 1, 1, 1, 1, 1, 1, 1, 1, 1, 1, 1, 1, 1, 1, 1, 1, 1, 1, 1, 1, 1, 1, 1, 1, 1, 1, 1, 1, 1, 1, 1, 1, 1, 1, 1],
         "height":15,
         "id":1,
         "name":"base",
         "opacity":1,
         "type":"tilelayer",
         "visible":true,
         "width":20,
         "x":0,
         "y":0
        }, 
        {
         "data":[0, 0, 0, 0, 0, 0, 0, 0, 0, 0, 0, 0, 0, 0, 0, 0, 0, 0, 0, 0, 0, 0, 0, 0, 0, 0, 0, 0, 0, 0, 0, 0, 0, 0, 0, 0, 0, 0, 0, 0, 0, 0, 0, 0, 0, 0, 0, 109, 111, 111, 111, 111, 110, 0, 0, 0, 0, 0, 0, 0, 0, 0, 0, 0, 0, 0, 0, 115, 0, 0, 0, 0, 115, 0, 0, 0, 0, 0, 0, 0, 0, 0, 0, 0, 0, 0, 0, 433, 0, 0, 0, 0, 440, 0, 0, 0, 0, 0, 0, 0, 0, 0, 0, 0, 0, 0, 0, 141, 0, 0, 0, 0, 440, 0, 0, 0, 0, 0, 0, 0, 0, 0, 0, 109, 111, 111, 111, 140, 0, 0, 0, 0, 141, 0, 0, 0, 0, 0, 0, 0, 0, 0, 0, 115, 324, 323, 321, 136, 114, 466, 466, 142, 137, 0, 0, 0, 0, 0, 0, 0, 0, 0, 0, 433, 0, 0, 0, 0, 0, 0, 0, 0, 434, 0, 0, 0, 0, 0, 0, 0, 0, 0, 0, 433, 0, 0, 0, 0, 0, 0, 0, 0, 196, 0, 0, 0, 0, 0, 0, 0, 0, 0, 0, 141, 0, 0, 0, 0, 0, 0, 0, 0, 434, 0, 0, 0, 0, 0, 0, 0, 0, 0, 0, 136, 111, 111, 111, 111, 111, 111, 111, 111, 114, 0, 0, 0, 0, 0, 0, 0, 0, 0, 0, 0, 0, 0, 0, 0, 0, 0, 0, 0, 0, 0, 0, 0, 0, 0, 0, 0, 0, 0, 0, 0, 0, 0, 0, 0, 0, 0, 0, 0, 0, 0, 0, 0, 0, 0, 0, 0, 0, 0, 0, 0, 0, 0, 0, 0, 0, 0, 0, 0, 0, 0, 0, 0, 0, 0, 0, 0],
         "height":15,
         "id":2,
         "name":"wall",
         "opacity":1,
         "type":"tilelayer",
         "visible":true,
         "width":20,
         "x":0,
         "y":0
        }, 
        {
         "data":[0, 0, 0, 0, 0, 0, 0, 0, 183, 0, 0, 0, 0, 0, 0, 0, 0, 0, 0, 0, 0, 0, 0, 0, 181, 182, 0, 0, 0, 0, 0, 0, 0, 0, 0, 213, 0, 181, 182, 0, 0, 0, 0, 0, 208, 209, 0, 0, 0, 0, 0, 0, 0, 0, 0, 0, 183, 208, 209, 0, 0, 0, 0, 183, 0, 0, 0, 0, 0, 0, 0, 0, 0, 266, 0, 0, 0, 0, 0, 0, 0, 0, 0, 0, 0, 213, 0, 0, 0, 0, 0, 0, 0, 0, 0, 0, 0, 0, 0, 0, 0, 0, 0, 0, 129, 0, 0, 0, 0, 0, 0, 0, 0, 0, 0, 0, 0, 0, 0, 0, 0, 0, 0, 0, 0, 0, 0, 0, 0, 0, 0, 0, 0, 0, 0, 0, 0, 0, 0, 0, 0, 0, 0, 0, 0, 0, 268, 0, 0, 0, 0, 0, 0, 0, 0, 213, 0, 0, 0, 129, 0, 0, 0, 0, 0, 0, 0, 0, 0, 0, 0, 0, 0, 264, 0, 0, 0, 0, 0, 0, 0, 0, 0, 0, 0, 0, 0, 0, 0, 0, 0, 0, 0, 0, 0, 0, 0, 0, 183, 0, 0, 0, 0, 0, 0, 0, 0, 0, 0, 0, 0, 0, 0, 0, 0, 0, 213, 181, 182, 0, 0, 0, 0, 0, 0, 0, 0, 0, 0, 0, 0, 0, 0, 0, 0, 0, 0, 208, 209, 0, 0, 0, 0, 0, 0, 184, 185, 0, 0, 0, 0, 0, 0, 0, 0, 0, 0, 0, 0, 0, 0, 0, 0, 0, 0, 211, 212, 0, 0, 0, 0, 0, 0, 0, 181, 182, 0, 0, 0, 0, 0, 0, 0, 186, 0, 0, 0, 0, 0, 0, 0, 0, 0, 0, 208, 209, 0, 0, 0, 0],
         "height":15,
         "id":4,
         "name":"decoration",
         "opacity":1,
         "type":"tilelayer",
         "visible":true,
         "width":20,
         "x":0,
         "y":0
        }, 
        {
         "draworder":"topdown",
         "id":5,
         "name":"objects",
         "objects":[
                {
                 "height":64,
                 "id":6,
                 "name":"armchair",
                 "rotation":0,
                 "type":"",
                 "visible":true,
                 "width":64,
                 "x":681,
                 "y":307
                }, 
                {
                 "height":64,
                 "id":7,
                 "name":"armchair",
                 "rotation":0,
                 "type":"",
                 "visible":true,
                 "width":64,
                 "x":385,
                 "y":633
                }, 
                {
                 "height":64,
                 "id":8,
                 "name":"armchair",
                 "rotation":0,
                 "type":"",
                 "visible":true,
                 "width":64,
                 "x":614,
                 "y":602
                }],
         "opacity":1,
         "type":"objectgroup",
         "visible":true,
         "x":0,
         "y":0
        }, 
        {
         "draworder":"topdown",
         "id":3,
         "name":"enemy",
         "objects":[
                {
                 "height":43,
                 "id":1,
                 "name":"enemy",
                 "rotation":0,
                 "type":"",
                 "visible":true,
                 "width":68,
                 "x":332.094606595228,
                 "y":565.435202178675
                }, 
                {
                 "height":43,
                 "id":2,
                 "name":"enemy",
                 "rotation":0,
                 "type":"",
                 "visible":true,
                 "width":68,
                 "x":585,
                 "y":877.5
                }, 
                {
                 "height":43,
                 "id":3,
                 "name":"enemy",
                 "rotation":0,
                 "type":"",
                 "visible":true,
                 "width":68,
                 "x":93,
                 "y":286.5
                }, 
                {
                 "height":43,
                 "id":4,
                 "name":"enemy",
                 "rotation":0,
                 "type":"",
                 "visible":true,
                 "width":68,
                 "x":1077,
                 "y":789.5
                }, 
                {
                 "height":43,
                 "id":5,
                 "name":"enemy",
                 "rotation":0,
                 "type":"",
                 "visible":true,
                 "width":68,
                 "x":548,
                 "y":326.5
                }],
         "opacity":1,
         "type":"objectgroup",
         "visible":true,
         "x":0,
         "y":0
        }],
 "nextlayerid":6,
 "nextobjectid":9,
 "orientation":"orthogonal",
 "renderorder":"right-down",
 "tiledversion":"1.5.0",
 "tileheight":64,
 "tilesets":[
        {
         "firstgid":1,
         "source":"tilesheet.json"
        }],
 "tilewidth":64,
 "type":"map",
 "version":1.5,
 "width":20
}